{
 "test": "default",
 "steps": {
  "SparseReconstruction": 11458.305597305298,
  "GetSparseReconstruction": 2.832651138305664
 }
}