{
 "test": "default",
 "steps": {
  "SparseReconstruction": 36992.08092689514,
  "GetSparseReconstruction": 2.741575241088867
 }
}