{
 "test": "default",
 "steps": {
  "NewReconstruction": 16.01696014404297,
  "UploadDirectory": 166826.62677764893,
  "SparseReconstruction": 28535.44783592224
 }
}