{
 "test": "default",
 "steps": {
  "NewReconstruction": 17.354726791381836,
  "UploadDirectory": 411892.7505016327
 }
}