{
 "test": "default",
 "steps": {
  "NewReconstruction": 11.944055557250977,
  "UploadDirectory": 17958.06360244751
 }
}