{
 "test": "default",
 "steps": {
  "NewReconstruction": 16.298294067382812,
  "UploadDirectory": 96233.3071231842
 }
}