{
 "test": "default",
 "steps": {
  "NewReconstruction": 13.412952423095703,
  "UploadDirectory": 1756445.6617832184
 }
}