{
 "test": "default",
 "steps": {
  "SparseReconstruction": 37196.189403533936,
  "GetSparseReconstruction": 3.7276744842529297
 }
}