{
 "test": "default",
 "steps": {
  "NewReconstruction": 15.853404998779297,
  "UploadDirectory": 7800.642251968384
 }
}