{
 "test": "default",
 "steps": {
  "NewReconstruction": 15.682220458984375,
  "UploadDirectory": 28.93209457397461
 }
}