{
 "test": "default",
 "steps": {
  "NewReconstruction": 9.378910064697266,
  "UploadDirectory": 32.43684768676758
 }
}