{
 "test": "default",
 "steps": {
  "SparseReconstruction": 487333.79101753235,
  "GetSparseReconstruction": 3.37982177734375
 }
}