{
 "test": "default",
 "steps": {
  "NewReconstruction": 18.337488174438477,
  "UploadDirectory": 18566924.72410202,
  "SparseReconstruction": 12.092113494873047
 }
}