{
 "test": "default",
 "steps": {
  "SparseReconstruction": 37.53948211669922,
  "GetSparseReconstruction": 3.008604049682617
 }
}