{
 "test": "default",
 "steps": {
  "NewReconstruction": 14.680862426757812,
  "UploadDirectory": 139371.2420463562
 }
}