{
 "test": "default",
 "steps": {
  "NewReconstruction": 16.007423400878906,
  "UploadDirectory": 93732.49959945679
 }
}