{
 "test": "default",
 "steps": {
  "NewReconstruction": 15.017032623291016,
  "UploadDirectory": 269370.5928325653,
  "SparseReconstruction": 14074.27191734314
 }
}