{
 "test": "default",
 "steps": {
  "NewReconstruction": 11.837005615234375,
  "UploadDirectory": 760314.2590522766
 }
}