{
 "test": "default",
 "steps": {
  "NewReconstruction": 9.289264678955078,
  "UploadDirectory": 61819.41246986389
 }
}