{
 "test": "default",
 "steps": {
  "NewReconstruction": 16.223907470703125,
  "UploadDirectory": 25793.910026550293
 }
}