{
 "test": "default",
 "steps": {
  "NewReconstruction": 16.968250274658203,
  "UploadDirectory": 204769.04487609863
 }
}