{
 "test": "default",
 "steps": {
  "NewReconstruction": 16.589641571044922,
  "UploadDirectory": 245525.57396888733,
  "SparseReconstruction": 53739.78400230408
 }
}