{
 "test": "default",
 "steps": {
  "NewReconstruction": 10.511636734008789,
  "UploadDirectory": 643617.2721385956
 }
}