{
 "test": "default",
 "steps": {
  "NewReconstruction": 16.129016876220703,
  "UploadDirectory": 423565.2017593384,
  "SparseReconstruction": 14257.402896881104
 }
}