{
 "test": "default",
 "steps": {
  "NewReconstruction": 16.9522762298584,
  "UploadDirectory": 328524.9285697937,
  "SparseReconstruction": 2.2449493408203125
 }
}