{
 "test": "default",
 "steps": {
  "NewReconstruction": 14.646768569946289,
  "UploadDirectory": 414299.6153831482
 }
}