{
 "test": "default",
 "steps": {
  "SparseReconstruction": 36552.80900001526,
  "GetSparseReconstruction": 2.8526782989501953
 }
}