{
 "test": "default",
 "steps": {
  "NewReconstruction": 9.170293807983398,
  "UploadDirectory": 49875.94676017761,
  "SparseReconstruction": 4082.4193954467773
 }
}