{
 "test": "default",
 "steps": {
  "NewReconstruction": 15.127420425415039,
  "UploadDirectory": 70389.24670219421
 }
}