{
 "test": "default",
 "steps": {
  "NewReconstruction": 17.474651336669922,
  "UploadDirectory": 95449.049949646
 }
}