{
 "test": "default",
 "steps": {
  "NewReconstruction": 12.18557357788086,
  "UploadDirectory": 88061.7926120758,
  "SparseReconstruction": 1.9567012786865234
 }
}