{
 "test": "default",
 "steps": {
  "SparseReconstruction": 163925.10795593262,
  "GetSparseReconstruction": 3.5004615783691406
 }
}