{
 "test": "default",
 "steps": {
  "SparseReconstruction": 9312.159299850464,
  "GetSparseReconstruction": 3.0875205993652344
 }
}