{
 "test": "default",
 "steps": {
  "NewReconstruction": 11.407136917114258,
  "UploadDirectory": 26.9012451171875
 }
}