{
 "test": "default",
 "steps": {
  "SparseReconstruction": 37.120819091796875,
  "GetSparseReconstruction": 2.7256011962890625
 }
}