{
 "test": "default",
 "steps": {
  "SparseReconstruction": 137950.94084739685,
  "GetSparseReconstruction": 2.985715866088867
 }
}