{
 "test": "default",
 "steps": {
  "SparseReconstruction": 36956.374645233154,
  "GetSparseReconstruction": 2.81524658203125
 }
}