{
 "test": "default",
 "steps": {
  "SparseReconstruction": 11630.491018295288,
  "GetSparseReconstruction": 3.0951499938964844
 }
}