{
 "test": "default",
 "steps": {
  "SparseReconstruction": 11382.276773452759,
  "GetSparseReconstruction": 2.732515335083008
 }
}